{
  "model": "DecisionTreeRegressor",
  "target": "AssignmentCompletion",
  "params": {
    "max_depth": 4,
    "min_samples_split": 10,
    "min_samples_leaf": 5,
    "random_state": 42
  },
  "test": {
    "R-squared": 0.008450457165088077,
    "RMSE": 14.681366951943449,
    "MAE": 12.658671713868522,
    "MSE": 215.5425355776173
  },
  "n_train": 9802,
  "n_test": 4201,
  "timestamp": "20251104-192854"
}