{
  "model": "DecisionTreeClassifier",
  "target": "FinalGrade",
  "params": {
    "max_depth": 4,
    "min_samples_split": 10,
    "min_samples_leaf": 5,
    "random_state": 42
  },
  "test": {
    "Accuracy": 0.30802189954772674,
    "Precision": 0.31834773742071604,
    "Recall": 0.30802189954772674,
    "F1-Score": 0.27996540992838487
  },
  "n_train": 9802,
  "n_test": 4201,
  "timestamp": "20251104-192221"
}