{
  "model": "DecisionTreeRegressor",
  "target": "FinalGrade_Reg",
  "params": {
    "max_depth": 4,
    "min_samples_split": 10,
    "min_samples_leaf": 5,
    "random_state": 42
  },
  "test": {
    "R-squared": 0.012697313303209112,
    "RMSE": 1.1207555150358004,
    "MAE": 0.9966288070718796,
    "MSE": 1.2560929244831625
  },
  "n_train": 9802,
  "n_test": 4201,
  "timestamp": "20251104-192221"
}