{
  "model": "DecisionTreeRegressor",
  "params": {
    "max_depth": 4,
    "min_samples_split": 10,
    "min_samples_leaf": 5,
    "random_state": 42
  },
  "test": {
    "R-squared": 0.854576857337902,
    "RMSE": 0.3499301917918385,
    "MAE": 0.2821663822571274,
    "MSE": 0.12245113912747285
  },
  "n_train": 1674,
  "n_test": 718,
  "timestamp": "20251019-232638"
}