{
  "model": "LinearRegression",
  "target": "FinalGrade_Reg",
  "params": {},
  "test": {
    "R-squared": 0.003745933600670215,
    "RMSE": 1.1258247158628314,
    "MAE": 1.0067269112330204,
    "MSE": 1.2674812908476252
  },
  "training_time_seconds": 0.012372493743896484,
  "n_train": 9802,
  "n_test": 4201,
  "timestamp": "20251104-193431"
}