{
  "model": "LinearRegression",
  "params": {},
  "test": {
    "R-squared": 0.9555979651324975,
    "RMSE": 0.19335975570503733,
    "MAE": 0.15462114975972838,
    "MSE": 0.03738799512631172
  },
  "n_train": 1674,
  "n_test": 718,
  "timestamp": "20251019-232640"
}