{
  "model": "LinearRegression",
  "target": "AssignmentCompletion",
  "params": {},
  "test": {
    "R-squared": -0.0009881498622785756,
    "RMSE": 14.75107776317409,
    "MAE": 12.763245392239833,
    "MSE": 217.59429517520908
  },
  "training_time_seconds": 0.01914525032043457,
  "n_train": 9802,
  "n_test": 4201,
  "timestamp": "20251104-192221"
}