{
  "model": "RandomForestRegressor",
  "target": "AssignmentCompletion",
  "params": {
    "n_estimators": 1000,
    "max_features": 8,
    "max_features_ratio": "8/25 (~1/3)",
    "random_state": 42
  },
  "test": {
    "R-squared": 0.6434973289785624,
    "RMSE": 8.803202224317992,
    "MAE": 6.591795031795152,
    "MSE": 77.49636940223725
  },
  "training_time_seconds": 7.474221467971802,
  "n_train": 9802,
  "n_test": 4201,
  "timestamp": "20251104-192221"
}