{
  "model": "RandomForestClassifier",
  "target": "FinalGrade",
  "params": {
    "n_estimators": 1000,
    "max_features": 3,
    "random_state": 42
  },
  "test": {
    "Accuracy": 0.7557724351344918,
    "Precision": 0.7571915967081359,
    "Recall": 0.7557724351344918,
    "F1-Score": 0.7557036820819037
  },
  "n_train": 9802,
  "n_test": 4201,
  "timestamp": "20251104-192221"
}