{
  "model": "RandomForestRegressor",
  "target": "ExamScore",
  "params": {
    "n_estimators": 1000,
    "max_features": 8,
    "max_features_ratio": "8/25 (~1/3)",
    "random_state": 42
  },
  "test": {
    "R-squared": 0.6753305330008215,
    "RMSE": 10.122711527420227,
    "MAE": 7.68551257070312,
    "MSE": 102.46928866736634
  },
  "training_time_seconds": 6.012480735778809,
  "n_train": 9802,
  "n_test": 4201,
  "timestamp": "20251104-192221"
}