{
  "model": "RandomForestRegressor",
  "target": "FinalGrade_Reg",
  "params": {
    "n_estimators": 1000,
    "max_features": 8,
    "max_features_ratio": "8/25 (~1/3)",
    "random_state": 42
  },
  "test": {
    "R-squared": 0.6720843799906524,
    "RMSE": 0.6459022202871453,
    "MAE": 0.49754106165198764,
    "MSE": 0.4171896781718639
  },
  "training_time_seconds": 7.580428123474121,
  "n_train": 9802,
  "n_test": 4201,
  "timestamp": "20251104-192858"
}