{
  "model": "RandomForestRegressor",
  "params": {
    "n_estimators": 1000,
    "max_features": 3,
    "random_state": 42
  },
  "test": {
    "R2": 0.7685162484404948,
    "RMSE": 0.44149410392564004,
    "MAE": 0.35117362580086775,
    "MSE": 0.19491704380110383
  },
  "n_train": 1674,
  "n_test": 718,
  "timestamp": "20251017-230630"
}